scenario,table_hand_index,base_deal_index,seat_order,bot_names_by_role,net_chips_by_role,net_bb_by_role
current_vs_2x_random,0,0,"[0, 1, 2]","[""policy_current"", ""random"", ""random""]","[-8.0, -100.0, 108.0]","[-4.0, -50.0, 54.0]"
current_vs_2x_random,1,0,"[0, 2, 1]","[""policy_current"", ""random"", ""random""]","[-8.0, -100.0, 108.0]","[-4.0, -50.0, 54.0]"
current_vs_2x_random,2,0,"[1, 0, 2]","[""random"", ""policy_current"", ""random""]","[-100.0, -2.0, 102.0]","[-50.0, -1.0, 51.0]"
current_vs_2x_random,3,0,"[1, 2, 0]","[""random"", ""random"", ""policy_current""]","[-100.0, -100.0, 200.0]","[-50.0, -50.0, 100.0]"
current_vs_2x_random,4,0,"[2, 0, 1]","[""random"", ""policy_current"", ""random""]","[-100.0, -2.0, 102.0]","[-50.0, -1.0, 51.0]"
current_vs_2x_random,5,0,"[2, 1, 0]","[""random"", ""random"", ""policy_current""]","[-100.0, -100.0, 200.0]","[-50.0, -50.0, 100.0]"
current_vs_2x_random,6,1,"[0, 1, 2]","[""policy_current"", ""random"", ""random""]","[-100.0, -2.0, 102.0]","[-50.0, -1.0, 51.0]"
current_vs_2x_random,7,1,"[0, 2, 1]","[""policy_current"", ""random"", ""random""]","[-100.0, -2.0, 102.0]","[-50.0, -1.0, 51.0]"
current_vs_2x_random,8,1,"[1, 0, 2]","[""random"", ""policy_current"", ""random""]","[-1.0, -2.0, 3.0]","[-0.5, -1.0, 1.5]"
current_vs_2x_random,9,1,"[1, 2, 0]","[""random"", ""random"", ""policy_current""]","[-2.0, 2.0, 0.0]","[-1.0, 1.0, 0.0]"
current_vs_2x_random,10,1,"[2, 0, 1]","[""random"", ""policy_current"", ""random""]","[-1.0, -2.0, 3.0]","[-0.5, -1.0, 1.5]"
current_vs_2x_random,11,1,"[2, 1, 0]","[""random"", ""random"", ""policy_current""]","[-2.0, 2.0, 0.0]","[-1.0, 1.0, 0.0]"
current_vs_2x_random,12,2,"[0, 1, 2]","[""policy_current"", ""random"", ""random""]","[-1.0, 101.0, -100.0]","[-0.5, 50.5, -50.0]"
current_vs_2x_random,13,2,"[0, 2, 1]","[""policy_current"", ""random"", ""random""]","[-1.0, 101.0, -100.0]","[-0.5, 50.5, -50.0]"
current_vs_2x_random,14,2,"[1, 0, 2]","[""random"", ""policy_current"", ""random""]","[-1.0, -8.0, 9.0]","[-0.5, -4.0, 4.5]"
current_vs_2x_random,15,2,"[1, 2, 0]","[""random"", ""random"", ""policy_current""]","[-1.0, 1.0, 0.0]","[-0.5, 0.5, 0.0]"
current_vs_2x_random,16,2,"[2, 0, 1]","[""random"", ""policy_current"", ""random""]","[-1.0, -8.0, 9.0]","[-0.5, -4.0, 4.5]"
current_vs_2x_random,17,2,"[2, 1, 0]","[""random"", ""random"", ""policy_current""]","[-1.0, 1.0, 0.0]","[-0.5, 0.5, 0.0]"
current_vs_2x_random,18,3,"[0, 1, 2]","[""policy_current"", ""random"", ""random""]","[-1.0, -2.0, 3.0]","[-0.5, -1.0, 1.5]"
current_vs_2x_random,19,3,"[0, 2, 1]","[""policy_current"", ""random"", ""random""]","[-1.0, -2.0, 3.0]","[-0.5, -1.0, 1.5]"
current_vs_2x_random,20,3,"[1, 0, 2]","[""random"", ""policy_current"", ""random""]","[-100.0, -2.0, 102.0]","[-50.0, -1.0, 51.0]"
current_vs_2x_random,21,3,"[1, 2, 0]","[""random"", ""random"", ""policy_current""]","[-100.0, -100.0, 200.0]","[-50.0, -50.0, 100.0]"
current_vs_2x_random,22,3,"[2, 0, 1]","[""random"", ""policy_current"", ""random""]","[-100.0, -2.0, 102.0]","[-50.0, -1.0, 51.0]"
current_vs_2x_random,23,3,"[2, 1, 0]","[""random"", ""random"", ""policy_current""]","[-100.0, -100.0, 200.0]","[-50.0, -50.0, 100.0]"
current_vs_2x_random,24,4,"[0, 1, 2]","[""policy_current"", ""random"", ""random""]","[-1.0, 3.0, -2.0]","[-0.5, 1.5, -1.0]"
current_vs_2x_random,25,4,"[0, 2, 1]","[""policy_current"", ""random"", ""random""]","[-1.0, 3.0, -2.0]","[-0.5, 1.5, -1.0]"
current_vs_2x_random,26,4,"[1, 0, 2]","[""random"", ""policy_current"", ""random""]","[-1.0, -100.0, 101.0]","[-0.5, -50.0, 50.5]"
current_vs_2x_random,27,4,"[1, 2, 0]","[""random"", ""random"", ""policy_current""]","[102.0, -100.0, -2.0]","[51.0, -50.0, -1.0]"
current_vs_2x_random,28,4,"[2, 0, 1]","[""random"", ""policy_current"", ""random""]","[-1.0, -100.0, 101.0]","[-0.5, -50.0, 50.5]"
current_vs_2x_random,29,4,"[2, 1, 0]","[""random"", ""random"", ""policy_current""]","[102.0, -100.0, -2.0]","[51.0, -50.0, -1.0]"
current_vs_2x_random,30,5,"[0, 1, 2]","[""policy_current"", ""random"", ""random""]","[-14.0, -100.0, 114.0]","[-7.0, -50.0, 57.0]"
current_vs_2x_random,31,5,"[0, 2, 1]","[""policy_current"", ""random"", ""random""]","[-14.0, -100.0, 114.0]","[-7.0, -50.0, 57.0]"
current_vs_2x_random,32,5,"[1, 0, 2]","[""random"", ""policy_current"", ""random""]","[-100.0, -14.0, 114.0]","[-50.0, -7.0, 57.0]"
current_vs_2x_random,33,5,"[1, 2, 0]","[""random"", ""random"", ""policy_current""]","[-1.0, -100.0, 101.0]","[-0.5, -50.0, 50.5]"
current_vs_2x_random,34,5,"[2, 0, 1]","[""random"", ""policy_current"", ""random""]","[-100.0, -14.0, 114.0]","[-50.0, -7.0, 57.0]"
current_vs_2x_random,35,5,"[2, 1, 0]","[""random"", ""random"", ""policy_current""]","[-1.0, -100.0, 101.0]","[-0.5, -50.0, 50.5]"
current_vs_2x_random,36,6,"[0, 1, 2]","[""policy_current"", ""random"", ""random""]","[-1.0, 1.0, 0.0]","[-0.5, 0.5, 0.0]"
current_vs_2x_random,37,6,"[0, 2, 1]","[""policy_current"", ""random"", ""random""]","[-1.0, 1.0, 0.0]","[-0.5, 0.5, 0.0]"
current_vs_2x_random,38,6,"[1, 0, 2]","[""random"", ""policy_current"", ""random""]","[-100.0, 100.0, 0.0]","[-50.0, 50.0, 0.0]"
current_vs_2x_random,39,6,"[1, 2, 0]","[""random"", ""random"", ""policy_current""]","[-100.0, 126.0, -26.0]","[-50.0, 63.0, -13.0]"
current_vs_2x_random,40,6,"[2, 0, 1]","[""random"", ""policy_current"", ""random""]","[-100.0, 100.0, 0.0]","[-50.0, 50.0, 0.0]"
current_vs_2x_random,41,6,"[2, 1, 0]","[""random"", ""random"", ""policy_current""]","[-100.0, 126.0, -26.0]","[-50.0, 63.0, -13.0]"
current_vs_2x_random,42,7,"[0, 1, 2]","[""policy_current"", ""random"", ""random""]","[-1.0, 1.0, 0.0]","[-0.5, 0.5, 0.0]"
current_vs_2x_random,43,7,"[0, 2, 1]","[""policy_current"", ""random"", ""random""]","[-1.0, 1.0, 0.0]","[-0.5, 0.5, 0.0]"
current_vs_2x_random,44,7,"[1, 0, 2]","[""random"", ""policy_current"", ""random""]","[-1.0, 1.0, 0.0]","[-0.5, 0.5, 0.0]"
current_vs_2x_random,45,7,"[1, 2, 0]","[""random"", ""random"", ""policy_current""]","[-1.0, -2.0, 3.0]","[-0.5, -1.0, 1.5]"
current_vs_2x_random,46,7,"[2, 0, 1]","[""random"", ""policy_current"", ""random""]","[-1.0, 1.0, 0.0]","[-0.5, 0.5, 0.0]"
current_vs_2x_random,47,7,"[2, 1, 0]","[""random"", ""random"", ""policy_current""]","[-1.0, -2.0, 3.0]","[-0.5, -1.0, 1.5]"
current_vs_2x_random,48,8,"[0, 1, 2]","[""policy_current"", ""random"", ""random""]","[-1.0, -8.0, 9.0]","[-0.5, -4.0, 4.5]"
current_vs_2x_random,49,8,"[0, 2, 1]","[""policy_current"", ""random"", ""random""]","[-1.0, -8.0, 9.0]","[-0.5, -4.0, 4.5]"
current_vs_2x_random,50,8,"[1, 0, 2]","[""random"", ""policy_current"", ""random""]","[-20.0, -14.0, 34.0]","[-10.0, -7.0, 17.0]"
current_vs_2x_random,51,8,"[1, 2, 0]","[""random"", ""random"", ""policy_current""]","[-8.0, 10.0, -2.0]","[-4.0, 5.0, -1.0]"
current_vs_2x_random,52,8,"[2, 0, 1]","[""random"", ""policy_current"", ""random""]","[-20.0, -14.0, 34.0]","[-10.0, -7.0, 17.0]"
current_vs_2x_random,53,8,"[2, 1, 0]","[""random"", ""random"", ""policy_current""]","[-8.0, 10.0, -2.0]","[-4.0, 5.0, -1.0]"
current_vs_2x_random,54,9,"[0, 1, 2]","[""policy_current"", ""random"", ""random""]","[-100.0, 100.0, 0.0]","[-50.0, 50.0, 0.0]"
current_vs_2x_random,55,9,"[0, 2, 1]","[""policy_current"", ""random"", ""random""]","[-100.0, 100.0, 0.0]","[-50.0, 50.0, 0.0]"
current_vs_2x_random,56,9,"[1, 0, 2]","[""random"", ""policy_current"", ""random""]","[-1.0, 1.0, 0.0]","[-0.5, 0.5, 0.0]"
current_vs_2x_random,57,9,"[1, 2, 0]","[""random"", ""random"", ""policy_current""]","[-1.0, 1.0, 0.0]","[-0.5, 0.5, 0.0]"
current_vs_2x_random,58,9,"[2, 0, 1]","[""random"", ""policy_current"", ""random""]","[-1.0, 1.0, 0.0]","[-0.5, 0.5, 0.0]"
current_vs_2x_random,59,9,"[2, 1, 0]","[""random"", ""random"", ""policy_current""]","[-1.0, 1.0, 0.0]","[-0.5, 0.5, 0.0]"
current_vs_2x_calling_station,60,0,"[0, 1, 2]","[""policy_current"", ""calling_station"", ""calling_station""]","[-1.0, 3.0, -2.0]","[-0.5, 1.5, -1.0]"
current_vs_2x_calling_station,61,0,"[0, 2, 1]","[""policy_current"", ""calling_station"", ""calling_station""]","[-1.0, 3.0, -2.0]","[-0.5, 1.5, -1.0]"
current_vs_2x_calling_station,62,0,"[1, 0, 2]","[""calling_station"", ""policy_current"", ""calling_station""]","[-100.0, 200.0, -100.0]","[-50.0, 100.0, -50.0]"
current_vs_2x_calling_station,63,0,"[1, 2, 0]","[""calling_station"", ""calling_station"", ""policy_current""]","[-2.0, 2.0, 0.0]","[-1.0, 1.0, 0.0]"
current_vs_2x_calling_station,64,0,"[2, 0, 1]","[""calling_station"", ""policy_current"", ""calling_station""]","[-100.0, 200.0, -100.0]","[-50.0, 100.0, -50.0]"
current_vs_2x_calling_station,65,0,"[2, 1, 0]","[""calling_station"", ""calling_station"", ""policy_current""]","[-2.0, 2.0, 0.0]","[-1.0, 1.0, 0.0]"
current_vs_2x_calling_station,66,1,"[0, 1, 2]","[""policy_current"", ""calling_station"", ""calling_station""]","[-1.0, -2.0, 3.0]","[-0.5, -1.0, 1.5]"
current_vs_2x_calling_station,67,1,"[0, 2, 1]","[""policy_current"", ""calling_station"", ""calling_station""]","[-1.0, -2.0, 3.0]","[-0.5, -1.0, 1.5]"
current_vs_2x_calling_station,68,1,"[1, 0, 2]","[""calling_station"", ""policy_current"", ""calling_station""]","[-14.0, -14.0, 28.0]","[-7.0, -7.0, 14.0]"
current_vs_2x_calling_station,69,1,"[1, 2, 0]","[""calling_station"", ""calling_station"", ""policy_current""]","[-100.0, -100.0, 200.0]","[-50.0, -50.0, 100.0]"
current_vs_2x_calling_station,70,1,"[2, 0, 1]","[""calling_station"", ""policy_current"", ""calling_station""]","[-14.0, -14.0, 28.0]","[-7.0, -7.0, 14.0]"
current_vs_2x_calling_station,71,1,"[2, 1, 0]","[""calling_station"", ""calling_station"", ""policy_current""]","[-100.0, -100.0, 200.0]","[-50.0, -50.0, 100.0]"
current_vs_2x_calling_station,72,2,"[0, 1, 2]","[""policy_current"", ""calling_station"", ""calling_station""]","[-1.0, 0.5, 0.5]","[-0.5, 0.25, 0.25]"
current_vs_2x_calling_station,73,2,"[0, 2, 1]","[""policy_current"", ""calling_station"", ""calling_station""]","[-1.0, 0.5, 0.5]","[-0.5, 0.25, 0.25]"
current_vs_2x_calling_station,74,2,"[1, 0, 2]","[""calling_station"", ""policy_current"", ""calling_station""]","[-100.0, 50.0, 50.0]","[-50.0, 25.0, 25.0]"
current_vs_2x_calling_station,75,2,"[1, 2, 0]","[""calling_station"", ""calling_station"", ""policy_current""]","[-2.0, 2.0, 0.0]","[-1.0, 1.0, 0.0]"
current_vs_2x_calling_station,76,2,"[2, 0, 1]","[""calling_station"", ""policy_current"", ""calling_station""]","[-100.0, 50.0, 50.0]","[-50.0, 25.0, 25.0]"
current_vs_2x_calling_station,77,2,"[2, 1, 0]","[""calling_station"", ""calling_station"", ""policy_current""]","[-2.0, 2.0, 0.0]","[-1.0, 1.0, 0.0]"
current_vs_2x_calling_station,78,3,"[0, 1, 2]","[""policy_current"", ""calling_station"", ""calling_station""]","[-14.0, -14.0, 28.0]","[-7.0, -7.0, 14.0]"
current_vs_2x_calling_station,79,3,"[0, 2, 1]","[""policy_current"", ""calling_station"", ""calling_station""]","[-14.0, -14.0, 28.0]","[-7.0, -7.0, 14.0]"
current_vs_2x_calling_station,80,3,"[1, 0, 2]","[""calling_station"", ""policy_current"", ""calling_station""]","[-100.0, -100.0, 200.0]","[-50.0, -50.0, 100.0]"
current_vs_2x_calling_station,81,3,"[1, 2, 0]","[""calling_station"", ""calling_station"", ""policy_current""]","[-2.0, 2.0, 0.0]","[-1.0, 1.0, 0.0]"
current_vs_2x_calling_station,82,3,"[2, 0, 1]","[""calling_station"", ""policy_current"", ""calling_station""]","[-100.0, -100.0, 200.0]","[-50.0, -50.0, 100.0]"
current_vs_2x_calling_station,83,3,"[2, 1, 0]","[""calling_station"", ""calling_station"", ""policy_current""]","[-2.0, 2.0, 0.0]","[-1.0, 1.0, 0.0]"
current_vs_2x_calling_station,84,4,"[0, 1, 2]","[""policy_current"", ""calling_station"", ""calling_station""]","[200.0, -100.0, -100.0]","[100.0, -50.0, -50.0]"
current_vs_2x_calling_station,85,4,"[0, 2, 1]","[""policy_current"", ""calling_station"", ""calling_station""]","[200.0, -100.0, -100.0]","[100.0, -50.0, -50.0]"
current_vs_2x_calling_station,86,4,"[1, 0, 2]","[""calling_station"", ""policy_current"", ""calling_station""]","[200.0, -100.0, -100.0]","[100.0, -50.0, -50.0]"
current_vs_2x_calling_station,87,4,"[1, 2, 0]","[""calling_station"", ""calling_station"", ""policy_current""]","[2.0, -2.0, 0.0]","[1.0, -1.0, 0.0]"
current_vs_2x_calling_station,88,4,"[2, 0, 1]","[""calling_station"", ""policy_current"", ""calling_station""]","[200.0, -100.0, -100.0]","[100.0, -50.0, -50.0]"
current_vs_2x_calling_station,89,4,"[2, 1, 0]","[""calling_station"", ""calling_station"", ""policy_current""]","[2.0, -2.0, 0.0]","[1.0, -1.0, 0.0]"
current_vs_2x_calling_station,90,5,"[0, 1, 2]","[""policy_current"", ""calling_station"", ""calling_station""]","[-100.0, -100.0, 200.0]","[-50.0, -50.0, 100.0]"
current_vs_2x_calling_station,91,5,"[0, 2, 1]","[""policy_current"", ""calling_station"", ""calling_station""]","[-100.0, -100.0, 200.0]","[-50.0, -50.0, 100.0]"
current_vs_2x_calling_station,92,5,"[1, 0, 2]","[""calling_station"", ""policy_current"", ""calling_station""]","[-100.0, -100.0, 200.0]","[-50.0, -50.0, 100.0]"
current_vs_2x_calling_station,93,5,"[1, 2, 0]","[""calling_station"", ""calling_station"", ""policy_current""]","[-100.0, -100.0, 200.0]","[-50.0, -50.0, 100.0]"
current_vs_2x_calling_station,94,5,"[2, 0, 1]","[""calling_station"", ""policy_current"", ""calling_station""]","[-100.0, -100.0, 200.0]","[-50.0, -50.0, 100.0]"
current_vs_2x_calling_station,95,5,"[2, 1, 0]","[""calling_station"", ""calling_station"", ""policy_current""]","[-100.0, -100.0, 200.0]","[-50.0, -50.0, 100.0]"
current_vs_2x_calling_station,96,6,"[0, 1, 2]","[""policy_current"", ""calling_station"", ""calling_station""]","[200.0, -100.0, -100.0]","[100.0, -50.0, -50.0]"
current_vs_2x_calling_station,97,6,"[0, 2, 1]","[""policy_current"", ""calling_station"", ""calling_station""]","[200.0, -100.0, -100.0]","[100.0, -50.0, -50.0]"
current_vs_2x_calling_station,98,6,"[1, 0, 2]","[""calling_station"", ""policy_current"", ""calling_station""]","[200.0, -100.0, -100.0]","[100.0, -50.0, -50.0]"
current_vs_2x_calling_station,99,6,"[1, 2, 0]","[""calling_station"", ""calling_station"", ""policy_current""]","[2.0, -2.0, 0.0]","[1.0, -1.0, 0.0]"
current_vs_2x_calling_station,100,6,"[2, 0, 1]","[""calling_station"", ""policy_current"", ""calling_station""]","[200.0, -100.0, -100.0]","[100.0, -50.0, -50.0]"
current_vs_2x_calling_station,101,6,"[2, 1, 0]","[""calling_station"", ""calling_station"", ""policy_current""]","[2.0, -2.0, 0.0]","[1.0, -1.0, 0.0]"
current_vs_2x_calling_station,102,7,"[0, 1, 2]","[""policy_current"", ""calling_station"", ""calling_station""]","[-1.0, 3.0, -2.0]","[-0.5, 1.5, -1.0]"
current_vs_2x_calling_station,103,7,"[0, 2, 1]","[""policy_current"", ""calling_station"", ""calling_station""]","[-1.0, 3.0, -2.0]","[-0.5, 1.5, -1.0]"
current_vs_2x_calling_station,104,7,"[1, 0, 2]","[""calling_station"", ""policy_current"", ""calling_station""]","[-100.0, 200.0, -100.0]","[-50.0, 100.0, -50.0]"
current_vs_2x_calling_station,105,7,"[1, 2, 0]","[""calling_station"", ""calling_station"", ""policy_current""]","[-100.0, 200.0, -100.0]","[-50.0, 100.0, -50.0]"
current_vs_2x_calling_station,106,7,"[2, 0, 1]","[""calling_station"", ""policy_current"", ""calling_station""]","[-100.0, 200.0, -100.0]","[-50.0, 100.0, -50.0]"
current_vs_2x_calling_station,107,7,"[2, 1, 0]","[""calling_station"", ""calling_station"", ""policy_current""]","[-100.0, 200.0, -100.0]","[-50.0, 100.0, -50.0]"
current_vs_2x_calling_station,108,8,"[0, 1, 2]","[""policy_current"", ""calling_station"", ""calling_station""]","[-1.0, -14.0, 15.0]","[-0.5, -7.0, 7.5]"
current_vs_2x_calling_station,109,8,"[0, 2, 1]","[""policy_current"", ""calling_station"", ""calling_station""]","[-1.0, -14.0, 15.0]","[-0.5, -7.0, 7.5]"
current_vs_2x_calling_station,110,8,"[1, 0, 2]","[""calling_station"", ""policy_current"", ""calling_station""]","[200.0, -100.0, -100.0]","[100.0, -50.0, -50.0]"
current_vs_2x_calling_station,111,8,"[1, 2, 0]","[""calling_station"", ""calling_station"", ""policy_current""]","[10.0, -8.0, -2.0]","[5.0, -4.0, -1.0]"
current_vs_2x_calling_station,112,8,"[2, 0, 1]","[""calling_station"", ""policy_current"", ""calling_station""]","[200.0, -100.0, -100.0]","[100.0, -50.0, -50.0]"
current_vs_2x_calling_station,113,8,"[2, 1, 0]","[""calling_station"", ""calling_station"", ""policy_current""]","[10.0, -8.0, -2.0]","[5.0, -4.0, -1.0]"
current_vs_2x_calling_station,114,9,"[0, 1, 2]","[""policy_current"", ""calling_station"", ""calling_station""]","[200.0, -100.0, -100.0]","[100.0, -50.0, -50.0]"
current_vs_2x_calling_station,115,9,"[0, 2, 1]","[""policy_current"", ""calling_station"", ""calling_station""]","[200.0, -100.0, -100.0]","[100.0, -50.0, -50.0]"
current_vs_2x_calling_station,116,9,"[1, 0, 2]","[""calling_station"", ""policy_current"", ""calling_station""]","[200.0, -100.0, -100.0]","[100.0, -50.0, -50.0]"
current_vs_2x_calling_station,117,9,"[1, 2, 0]","[""calling_station"", ""calling_station"", ""policy_current""]","[2.0, -2.0, 0.0]","[1.0, -1.0, 0.0]"
current_vs_2x_calling_station,118,9,"[2, 0, 1]","[""calling_station"", ""policy_current"", ""calling_station""]","[200.0, -100.0, -100.0]","[100.0, -50.0, -50.0]"
current_vs_2x_calling_station,119,9,"[2, 1, 0]","[""calling_station"", ""calling_station"", ""policy_current""]","[2.0, -2.0, 0.0]","[1.0, -1.0, 0.0]"
current_vs_2x_nit,120,0,"[0, 1, 2]","[""policy_current"", ""nit"", ""nit""]","[-1.0, 1.0, 0.0]","[-0.5, 0.5, 0.0]"
current_vs_2x_nit,121,0,"[0, 2, 1]","[""policy_current"", ""nit"", ""nit""]","[-1.0, 1.0, 0.0]","[-0.5, 0.5, 0.0]"
current_vs_2x_nit,122,0,"[1, 0, 2]","[""nit"", ""policy_current"", ""nit""]","[-2.0, 2.0, 0.0]","[-1.0, 1.0, 0.0]"
current_vs_2x_nit,123,0,"[1, 2, 0]","[""nit"", ""nit"", ""policy_current""]","[2.0, -2.0, 0.0]","[1.0, -1.0, 0.0]"
current_vs_2x_nit,124,0,"[2, 0, 1]","[""nit"", ""policy_current"", ""nit""]","[-2.0, 2.0, 0.0]","[-1.0, 1.0, 0.0]"
current_vs_2x_nit,125,0,"[2, 1, 0]","[""nit"", ""nit"", ""policy_current""]","[2.0, -2.0, 0.0]","[1.0, -1.0, 0.0]"
current_vs_2x_nit,126,1,"[0, 1, 2]","[""policy_current"", ""nit"", ""nit""]","[-1.0, 1.0, 0.0]","[-0.5, 0.5, 0.0]"
current_vs_2x_nit,127,1,"[0, 2, 1]","[""policy_current"", ""nit"", ""nit""]","[-1.0, 1.0, 0.0]","[-0.5, 0.5, 0.0]"
current_vs_2x_nit,128,1,"[1, 0, 2]","[""nit"", ""policy_current"", ""nit""]","[-1.0, 1.0, 0.0]","[-0.5, 0.5, 0.0]"
current_vs_2x_nit,129,1,"[1, 2, 0]","[""nit"", ""nit"", ""policy_current""]","[-1.0, 1.0, 0.0]","[-0.5, 0.5, 0.0]"
current_vs_2x_nit,130,1,"[2, 0, 1]","[""nit"", ""policy_current"", ""nit""]","[-1.0, 1.0, 0.0]","[-0.5, 0.5, 0.0]"
current_vs_2x_nit,131,1,"[2, 1, 0]","[""nit"", ""nit"", ""policy_current""]","[-1.0, 1.0, 0.0]","[-0.5, 0.5, 0.0]"
current_vs_2x_nit,132,2,"[0, 1, 2]","[""policy_current"", ""nit"", ""nit""]","[-14.0, 40.0, -26.0]","[-7.0, 20.0, -13.0]"
current_vs_2x_nit,133,2,"[0, 2, 1]","[""policy_current"", ""nit"", ""nit""]","[-14.0, 40.0, -26.0]","[-7.0, 20.0, -13.0]"
current_vs_2x_nit,134,2,"[1, 0, 2]","[""nit"", ""policy_current"", ""nit""]","[-20.0, -14.0, 34.0]","[-10.0, -7.0, 17.0]"
current_vs_2x_nit,135,2,"[1, 2, 0]","[""nit"", ""nit"", ""policy_current""]","[-8.0, -8.0, 16.0]","[-4.0, -4.0, 8.0]"
current_vs_2x_nit,136,2,"[2, 0, 1]","[""nit"", ""policy_current"", ""nit""]","[-20.0, -14.0, 34.0]","[-10.0, -7.0, 17.0]"
current_vs_2x_nit,137,2,"[2, 1, 0]","[""nit"", ""nit"", ""policy_current""]","[-8.0, -8.0, 16.0]","[-4.0, -4.0, 8.0]"
current_vs_2x_nit,138,3,"[0, 1, 2]","[""policy_current"", ""nit"", ""nit""]","[2.0, -2.0, 0.0]","[1.0, -1.0, 0.0]"
current_vs_2x_nit,139,3,"[0, 2, 1]","[""policy_current"", ""nit"", ""nit""]","[2.0, -2.0, 0.0]","[1.0, -1.0, 0.0]"
current_vs_2x_nit,140,3,"[1, 0, 2]","[""nit"", ""policy_current"", ""nit""]","[-1.0, 1.0, 0.0]","[-0.5, 0.5, 0.0]"
current_vs_2x_nit,141,3,"[1, 2, 0]","[""nit"", ""nit"", ""policy_current""]","[-1.0, 1.0, 0.0]","[-0.5, 0.5, 0.0]"
current_vs_2x_nit,142,3,"[2, 0, 1]","[""nit"", ""policy_current"", ""nit""]","[-1.0, 1.0, 0.0]","[-0.5, 0.5, 0.0]"
current_vs_2x_nit,143,3,"[2, 1, 0]","[""nit"", ""nit"", ""policy_current""]","[-1.0, 1.0, 0.0]","[-0.5, 0.5, 0.0]"
current_vs_2x_nit,144,4,"[0, 1, 2]","[""policy_current"", ""nit"", ""nit""]","[-14.0, 34.0, -20.0]","[-7.0, 17.0, -10.0]"
current_vs_2x_nit,145,4,"[0, 2, 1]","[""policy_current"", ""nit"", ""nit""]","[-14.0, 34.0, -20.0]","[-7.0, 17.0, -10.0]"
current_vs_2x_nit,146,4,"[1, 0, 2]","[""nit"", ""policy_current"", ""nit""]","[-8.0, 10.0, -2.0]","[-4.0, 5.0, -1.0]"
current_vs_2x_nit,147,4,"[1, 2, 0]","[""nit"", ""nit"", ""policy_current""]","[-26.0, -20.0, 46.0]","[-13.0, -10.0, 23.0]"
current_vs_2x_nit,148,4,"[2, 0, 1]","[""nit"", ""policy_current"", ""nit""]","[-8.0, 10.0, -2.0]","[-4.0, 5.0, -1.0]"
current_vs_2x_nit,149,4,"[2, 1, 0]","[""nit"", ""nit"", ""policy_current""]","[-26.0, -20.0, 46.0]","[-13.0, -10.0, 23.0]"
current_vs_2x_nit,150,5,"[0, 1, 2]","[""policy_current"", ""nit"", ""nit""]","[22.0, -2.0, -20.0]","[11.0, -1.0, -10.0]"
current_vs_2x_nit,151,5,"[0, 2, 1]","[""policy_current"", ""nit"", ""nit""]","[22.0, -2.0, -20.0]","[11.0, -1.0, -10.0]"
current_vs_2x_nit,152,5,"[1, 0, 2]","[""nit"", ""policy_current"", ""nit""]","[-8.0, -100.0, 108.0]","[-4.0, -50.0, 54.0]"
current_vs_2x_nit,153,5,"[1, 2, 0]","[""nit"", ""nit"", ""policy_current""]","[-8.0, -2.0, 10.0]","[-4.0, -1.0, 5.0]"
current_vs_2x_nit,154,5,"[2, 0, 1]","[""nit"", ""policy_current"", ""nit""]","[-8.0, -100.0, 108.0]","[-4.0, -50.0, 54.0]"
current_vs_2x_nit,155,5,"[2, 1, 0]","[""nit"", ""nit"", ""policy_current""]","[-8.0, -2.0, 10.0]","[-4.0, -1.0, 5.0]"
current_vs_2x_nit,156,6,"[0, 1, 2]","[""policy_current"", ""nit"", ""nit""]","[-1.0, 1.0, 0.0]","[-0.5, 0.5, 0.0]"
current_vs_2x_nit,157,6,"[0, 2, 1]","[""policy_current"", ""nit"", ""nit""]","[-1.0, 1.0, 0.0]","[-0.5, 0.5, 0.0]"
current_vs_2x_nit,158,6,"[1, 0, 2]","[""nit"", ""policy_current"", ""nit""]","[-1.0, 1.0, 0.0]","[-0.5, 0.5, 0.0]"
current_vs_2x_nit,159,6,"[1, 2, 0]","[""nit"", ""nit"", ""policy_current""]","[-1.0, -2.0, 3.0]","[-0.5, -1.0, 1.5]"
current_vs_2x_nit,160,6,"[2, 0, 1]","[""nit"", ""policy_current"", ""nit""]","[-1.0, 1.0, 0.0]","[-0.5, 0.5, 0.0]"
current_vs_2x_nit,161,6,"[2, 1, 0]","[""nit"", ""nit"", ""policy_current""]","[-1.0, -2.0, 3.0]","[-0.5, -1.0, 1.5]"
current_vs_2x_nit,162,7,"[0, 1, 2]","[""policy_current"", ""nit"", ""nit""]","[2.0, -2.0, 0.0]","[1.0, -1.0, 0.0]"
current_vs_2x_nit,163,7,"[0, 2, 1]","[""policy_current"", ""nit"", ""nit""]","[2.0, -2.0, 0.0]","[1.0, -1.0, 0.0]"
current_vs_2x_nit,164,7,"[1, 0, 2]","[""nit"", ""policy_current"", ""nit""]","[100.0, -100.0, 0.0]","[50.0, -50.0, 0.0]"
current_vs_2x_nit,165,7,"[1, 2, 0]","[""nit"", ""nit"", ""policy_current""]","[40.0, -14.0, -26.0]","[20.0, -7.0, -13.0]"
current_vs_2x_nit,166,7,"[2, 0, 1]","[""nit"", ""policy_current"", ""nit""]","[100.0, -100.0, 0.0]","[50.0, -50.0, 0.0]"
current_vs_2x_nit,167,7,"[2, 1, 0]","[""nit"", ""nit"", ""policy_current""]","[40.0, -14.0, -26.0]","[20.0, -7.0, -13.0]"
current_vs_2x_nit,168,8,"[0, 1, 2]","[""policy_current"", ""nit"", ""nit""]","[-1.0, 3.0, -2.0]","[-0.5, 1.5, -1.0]"
current_vs_2x_nit,169,8,"[0, 2, 1]","[""policy_current"", ""nit"", ""nit""]","[-1.0, 3.0, -2.0]","[-0.5, 1.5, -1.0]"
current_vs_2x_nit,170,8,"[1, 0, 2]","[""nit"", ""policy_current"", ""nit""]","[-2.0, 4.0, -2.0]","[-1.0, 2.0, -1.0]"
current_vs_2x_nit,171,8,"[1, 2, 0]","[""nit"", ""nit"", ""policy_current""]","[-2.0, 2.0, 0.0]","[-1.0, 1.0, 0.0]"
current_vs_2x_nit,172,8,"[2, 0, 1]","[""nit"", ""policy_current"", ""nit""]","[-2.0, 4.0, -2.0]","[-1.0, 2.0, -1.0]"
current_vs_2x_nit,173,8,"[2, 1, 0]","[""nit"", ""nit"", ""policy_current""]","[-2.0, 2.0, 0.0]","[-1.0, 1.0, 0.0]"
current_vs_2x_nit,174,9,"[0, 1, 2]","[""policy_current"", ""nit"", ""nit""]","[102.0, -2.0, -100.0]","[51.0, -1.0, -50.0]"
current_vs_2x_nit,175,9,"[0, 2, 1]","[""policy_current"", ""nit"", ""nit""]","[102.0, -2.0, -100.0]","[51.0, -1.0, -50.0]"
current_vs_2x_nit,176,9,"[1, 0, 2]","[""nit"", ""policy_current"", ""nit""]","[-1.0, -14.0, 15.0]","[-0.5, -7.0, 7.5]"
current_vs_2x_nit,177,9,"[1, 2, 0]","[""nit"", ""nit"", ""policy_current""]","[-1.0, -2.0, 3.0]","[-0.5, -1.0, 1.5]"
current_vs_2x_nit,178,9,"[2, 0, 1]","[""nit"", ""policy_current"", ""nit""]","[-1.0, -14.0, 15.0]","[-0.5, -7.0, 7.5]"
current_vs_2x_nit,179,9,"[2, 1, 0]","[""nit"", ""nit"", ""policy_current""]","[-1.0, -2.0, 3.0]","[-0.5, -1.0, 1.5]"
current_vs_2x_aggro,180,0,"[0, 1, 2]","[""policy_current"", ""aggro"", ""aggro""]","[-1.0, -100.0, 101.0]","[-0.5, -50.0, 50.5]"
current_vs_2x_aggro,181,0,"[0, 2, 1]","[""policy_current"", ""aggro"", ""aggro""]","[-1.0, -100.0, 101.0]","[-0.5, -50.0, 50.5]"
current_vs_2x_aggro,182,0,"[1, 0, 2]","[""aggro"", ""policy_current"", ""aggro""]","[102.0, -2.0, -100.0]","[51.0, -1.0, -50.0]"
current_vs_2x_aggro,183,0,"[1, 2, 0]","[""aggro"", ""aggro"", ""policy_current""]","[-14.0, 28.0, -14.0]","[-7.0, 14.0, -7.0]"
current_vs_2x_aggro,184,0,"[2, 0, 1]","[""aggro"", ""policy_current"", ""aggro""]","[102.0, -2.0, -100.0]","[51.0, -1.0, -50.0]"
current_vs_2x_aggro,185,0,"[2, 1, 0]","[""aggro"", ""aggro"", ""policy_current""]","[-14.0, 28.0, -14.0]","[-7.0, 14.0, -7.0]"
current_vs_2x_aggro,186,1,"[0, 1, 2]","[""policy_current"", ""aggro"", ""aggro""]","[-1.0, -44.0, 45.0]","[-0.5, -22.0, 22.5]"
current_vs_2x_aggro,187,1,"[0, 2, 1]","[""policy_current"", ""aggro"", ""aggro""]","[-1.0, -44.0, 45.0]","[-0.5, -22.0, 22.5]"
current_vs_2x_aggro,188,1,"[1, 0, 2]","[""aggro"", ""policy_current"", ""aggro""]","[-26.0, 52.0, -26.0]","[-13.0, 26.0, -13.0]"
current_vs_2x_aggro,189,1,"[1, 2, 0]","[""aggro"", ""aggro"", ""policy_current""]","[-32.0, 32.0, 0.0]","[-16.0, 16.0, 0.0]"
current_vs_2x_aggro,190,1,"[2, 0, 1]","[""aggro"", ""policy_current"", ""aggro""]","[-26.0, 52.0, -26.0]","[-13.0, 26.0, -13.0]"
current_vs_2x_aggro,191,1,"[2, 1, 0]","[""aggro"", ""aggro"", ""policy_current""]","[-32.0, 32.0, 0.0]","[-16.0, 16.0, 0.0]"
current_vs_2x_aggro,192,2,"[0, 1, 2]","[""policy_current"", ""aggro"", ""aggro""]","[-1.0, 57.0, -56.0]","[-0.5, 28.5, -28.0]"
current_vs_2x_aggro,193,2,"[0, 2, 1]","[""policy_current"", ""aggro"", ""aggro""]","[-1.0, 57.0, -56.0]","[-0.5, 28.5, -28.0]"
current_vs_2x_aggro,194,2,"[1, 0, 2]","[""aggro"", ""policy_current"", ""aggro""]","[40.0, -14.0, -26.0]","[20.0, -7.0, -13.0]"
current_vs_2x_aggro,195,2,"[1, 2, 0]","[""aggro"", ""aggro"", ""policy_current""]","[-26.0, 26.0, 0.0]","[-13.0, 13.0, 0.0]"
current_vs_2x_aggro,196,2,"[2, 0, 1]","[""aggro"", ""policy_current"", ""aggro""]","[40.0, -14.0, -26.0]","[20.0, -7.0, -13.0]"
current_vs_2x_aggro,197,2,"[2, 1, 0]","[""aggro"", ""aggro"", ""policy_current""]","[-26.0, 26.0, 0.0]","[-13.0, 13.0, 0.0]"
current_vs_2x_aggro,198,3,"[0, 1, 2]","[""policy_current"", ""aggro"", ""aggro""]","[-100.0, 108.0, -8.0]","[-50.0, 54.0, -4.0]"
current_vs_2x_aggro,199,3,"[0, 2, 1]","[""policy_current"", ""aggro"", ""aggro""]","[-100.0, 108.0, -8.0]","[-50.0, 54.0, -4.0]"
current_vs_2x_aggro,200,3,"[1, 0, 2]","[""aggro"", ""policy_current"", ""aggro""]","[-14.0, 22.0, -8.0]","[-7.0, 11.0, -4.0]"
current_vs_2x_aggro,201,3,"[1, 2, 0]","[""aggro"", ""aggro"", ""policy_current""]","[-26.0, 126.0, -100.0]","[-13.0, 63.0, -50.0]"
current_vs_2x_aggro,202,3,"[2, 0, 1]","[""aggro"", ""policy_current"", ""aggro""]","[-14.0, 22.0, -8.0]","[-7.0, 11.0, -4.0]"
current_vs_2x_aggro,203,3,"[2, 1, 0]","[""aggro"", ""aggro"", ""policy_current""]","[-26.0, 126.0, -100.0]","[-13.0, 63.0, -50.0]"
current_vs_2x_aggro,204,4,"[0, 1, 2]","[""policy_current"", ""aggro"", ""aggro""]","[-1.0, -26.0, 27.0]","[-0.5, -13.0, 13.5]"
current_vs_2x_aggro,205,4,"[0, 2, 1]","[""policy_current"", ""aggro"", ""aggro""]","[-1.0, -26.0, 27.0]","[-0.5, -13.0, 13.5]"
current_vs_2x_aggro,206,4,"[1, 0, 2]","[""aggro"", ""policy_current"", ""aggro""]","[-26.0, -2.0, 28.0]","[-13.0, -1.0, 14.0]"
current_vs_2x_aggro,207,4,"[1, 2, 0]","[""aggro"", ""aggro"", ""policy_current""]","[-20.0, 22.0, -2.0]","[-10.0, 11.0, -1.0]"
current_vs_2x_aggro,208,4,"[2, 0, 1]","[""aggro"", ""policy_current"", ""aggro""]","[-26.0, -2.0, 28.0]","[-13.0, -1.0, 14.0]"
current_vs_2x_aggro,209,4,"[2, 1, 0]","[""aggro"", ""aggro"", ""policy_current""]","[-20.0, 22.0, -2.0]","[-10.0, 11.0, -1.0]"
current_vs_2x_aggro,210,5,"[0, 1, 2]","[""policy_current"", ""aggro"", ""aggro""]","[4.0, -2.0, -2.0]","[2.0, -1.0, -1.0]"
current_vs_2x_aggro,211,5,"[0, 2, 1]","[""policy_current"", ""aggro"", ""aggro""]","[4.0, -2.0, -2.0]","[2.0, -1.0, -1.0]"
current_vs_2x_aggro,212,5,"[1, 0, 2]","[""aggro"", ""policy_current"", ""aggro""]","[16.0, -14.0, -2.0]","[8.0, -7.0, -1.0]"
current_vs_2x_aggro,213,5,"[1, 2, 0]","[""aggro"", ""aggro"", ""policy_current""]","[26.0, -26.0, 0.0]","[13.0, -13.0, 0.0]"
current_vs_2x_aggro,214,5,"[2, 0, 1]","[""aggro"", ""policy_current"", ""aggro""]","[16.0, -14.0, -2.0]","[8.0, -7.0, -1.0]"
current_vs_2x_aggro,215,5,"[2, 1, 0]","[""aggro"", ""aggro"", ""policy_current""]","[26.0, -26.0, 0.0]","[13.0, -13.0, 0.0]"
current_vs_2x_aggro,216,6,"[0, 1, 2]","[""policy_current"", ""aggro"", ""aggro""]","[-1.0, 101.0, -100.0]","[-0.5, 50.5, -50.0]"
current_vs_2x_aggro,217,6,"[0, 2, 1]","[""policy_current"", ""aggro"", ""aggro""]","[-1.0, 101.0, -100.0]","[-0.5, 50.5, -50.0]"
current_vs_2x_aggro,218,6,"[1, 0, 2]","[""aggro"", ""policy_current"", ""aggro""]","[-98.0, -20.0, 118.0]","[-49.0, -10.0, 59.0]"
current_vs_2x_aggro,219,6,"[1, 2, 0]","[""aggro"", ""aggro"", ""policy_current""]","[20.0, -20.0, 0.0]","[10.0, -10.0, 0.0]"
current_vs_2x_aggro,220,6,"[2, 0, 1]","[""aggro"", ""policy_current"", ""aggro""]","[-98.0, -20.0, 118.0]","[-49.0, -10.0, 59.0]"
current_vs_2x_aggro,221,6,"[2, 1, 0]","[""aggro"", ""aggro"", ""policy_current""]","[20.0, -20.0, 0.0]","[10.0, -10.0, 0.0]"
current_vs_2x_aggro,222,7,"[0, 1, 2]","[""policy_current"", ""aggro"", ""aggro""]","[-1.0, -2.0, 3.0]","[-0.5, -1.0, 1.5]"
current_vs_2x_aggro,223,7,"[0, 2, 1]","[""policy_current"", ""aggro"", ""aggro""]","[-1.0, -2.0, 3.0]","[-0.5, -1.0, 1.5]"
current_vs_2x_aggro,224,7,"[1, 0, 2]","[""aggro"", ""policy_current"", ""aggro""]","[-32.0, -2.0, 34.0]","[-16.0, -1.0, 17.0]"
current_vs_2x_aggro,225,7,"[1, 2, 0]","[""aggro"", ""aggro"", ""policy_current""]","[2.0, -2.0, 0.0]","[1.0, -1.0, 0.0]"
current_vs_2x_aggro,226,7,"[2, 0, 1]","[""aggro"", ""policy_current"", ""aggro""]","[-32.0, -2.0, 34.0]","[-16.0, -1.0, 17.0]"
current_vs_2x_aggro,227,7,"[2, 1, 0]","[""aggro"", ""aggro"", ""policy_current""]","[2.0, -2.0, 0.0]","[1.0, -1.0, 0.0]"
current_vs_2x_aggro,228,8,"[0, 1, 2]","[""policy_current"", ""aggro"", ""aggro""]","[-100.0, 108.0, -8.0]","[-50.0, 54.0, -4.0]"
current_vs_2x_aggro,229,8,"[0, 2, 1]","[""policy_current"", ""aggro"", ""aggro""]","[-100.0, 108.0, -8.0]","[-50.0, 54.0, -4.0]"
current_vs_2x_aggro,230,8,"[1, 0, 2]","[""aggro"", ""policy_current"", ""aggro""]","[-68.0, -26.0, 94.0]","[-34.0, -13.0, 47.0]"
current_vs_2x_aggro,231,8,"[1, 2, 0]","[""aggro"", ""aggro"", ""policy_current""]","[-1.0, -100.0, 101.0]","[-0.5, -50.0, 50.5]"
current_vs_2x_aggro,232,8,"[2, 0, 1]","[""aggro"", ""policy_current"", ""aggro""]","[-68.0, -26.0, 94.0]","[-34.0, -13.0, 47.0]"
current_vs_2x_aggro,233,8,"[2, 1, 0]","[""aggro"", ""aggro"", ""policy_current""]","[-1.0, -100.0, 101.0]","[-0.5, -50.0, 50.5]"
current_vs_2x_aggro,234,9,"[0, 1, 2]","[""policy_current"", ""aggro"", ""aggro""]","[-14.0, 40.0, -26.0]","[-7.0, 20.0, -13.0]"
current_vs_2x_aggro,235,9,"[0, 2, 1]","[""policy_current"", ""aggro"", ""aggro""]","[-14.0, 40.0, -26.0]","[-7.0, 20.0, -13.0]"
current_vs_2x_aggro,236,9,"[1, 0, 2]","[""aggro"", ""policy_current"", ""aggro""]","[46.0, -20.0, -26.0]","[23.0, -10.0, -13.0]"
current_vs_2x_aggro,237,9,"[1, 2, 0]","[""aggro"", ""aggro"", ""policy_current""]","[-100.0, 100.0, 0.0]","[-50.0, 50.0, 0.0]"
current_vs_2x_aggro,238,9,"[2, 0, 1]","[""aggro"", ""policy_current"", ""aggro""]","[46.0, -20.0, -26.0]","[23.0, -10.0, -13.0]"
current_vs_2x_aggro,239,9,"[2, 1, 0]","[""aggro"", ""aggro"", ""policy_current""]","[-100.0, 100.0, 0.0]","[-50.0, 50.0, 0.0]"
current_vs_2x_shove_fold,240,0,"[0, 1, 2]","[""policy_current"", ""shove_fold"", ""shove_fold""]","[-1.0, 101.0, -100.0]","[-0.5, 50.5, -50.0]"
current_vs_2x_shove_fold,241,0,"[0, 2, 1]","[""policy_current"", ""shove_fold"", ""shove_fold""]","[-1.0, 101.0, -100.0]","[-0.5, 50.5, -50.0]"
current_vs_2x_shove_fold,242,0,"[1, 0, 2]","[""shove_fold"", ""policy_current"", ""shove_fold""]","[-1.0, -2.0, 3.0]","[-0.5, -1.0, 1.5]"
current_vs_2x_shove_fold,243,0,"[1, 2, 0]","[""shove_fold"", ""shove_fold"", ""policy_current""]","[-1.0, 3.0, -2.0]","[-0.5, 1.5, -1.0]"
current_vs_2x_shove_fold,244,0,"[2, 0, 1]","[""shove_fold"", ""policy_current"", ""shove_fold""]","[-1.0, -2.0, 3.0]","[-0.5, -1.0, 1.5]"
current_vs_2x_shove_fold,245,0,"[2, 1, 0]","[""shove_fold"", ""shove_fold"", ""policy_current""]","[-1.0, 3.0, -2.0]","[-0.5, 1.5, -1.0]"
current_vs_2x_shove_fold,246,1,"[0, 1, 2]","[""policy_current"", ""shove_fold"", ""shove_fold""]","[-1.0, 1.0, 0.0]","[-0.5, 0.5, 0.0]"
current_vs_2x_shove_fold,247,1,"[0, 2, 1]","[""policy_current"", ""shove_fold"", ""shove_fold""]","[-1.0, 1.0, 0.0]","[-0.5, 0.5, 0.0]"
current_vs_2x_shove_fold,248,1,"[1, 0, 2]","[""shove_fold"", ""policy_current"", ""shove_fold""]","[-1.0, 1.0, 0.0]","[-0.5, 0.5, 0.0]"
current_vs_2x_shove_fold,249,1,"[1, 2, 0]","[""shove_fold"", ""shove_fold"", ""policy_current""]","[-1.0, 1.0, 0.0]","[-0.5, 0.5, 0.0]"
current_vs_2x_shove_fold,250,1,"[2, 0, 1]","[""shove_fold"", ""policy_current"", ""shove_fold""]","[-1.0, 1.0, 0.0]","[-0.5, 0.5, 0.0]"
current_vs_2x_shove_fold,251,1,"[2, 1, 0]","[""shove_fold"", ""shove_fold"", ""policy_current""]","[-1.0, 1.0, 0.0]","[-0.5, 0.5, 0.0]"
current_vs_2x_shove_fold,252,2,"[0, 1, 2]","[""policy_current"", ""shove_fold"", ""shove_fold""]","[-1.0, -100.0, 101.0]","[-0.5, -50.0, 50.5]"
current_vs_2x_shove_fold,253,2,"[0, 2, 1]","[""policy_current"", ""shove_fold"", ""shove_fold""]","[-1.0, -100.0, 101.0]","[-0.5, -50.0, 50.5]"
current_vs_2x_shove_fold,254,2,"[1, 0, 2]","[""shove_fold"", ""policy_current"", ""shove_fold""]","[-1.0, -2.0, 3.0]","[-0.5, -1.0, 1.5]"
current_vs_2x_shove_fold,255,2,"[1, 2, 0]","[""shove_fold"", ""shove_fold"", ""policy_current""]","[-1.0, -100.0, 101.0]","[-0.5, -50.0, 50.5]"
current_vs_2x_shove_fold,256,2,"[2, 0, 1]","[""shove_fold"", ""policy_current"", ""shove_fold""]","[-1.0, -2.0, 3.0]","[-0.5, -1.0, 1.5]"
current_vs_2x_shove_fold,257,2,"[2, 1, 0]","[""shove_fold"", ""shove_fold"", ""policy_current""]","[-1.0, -100.0, 101.0]","[-0.5, -50.0, 50.5]"
current_vs_2x_shove_fold,258,3,"[0, 1, 2]","[""policy_current"", ""shove_fold"", ""shove_fold""]","[-100.0, -2.0, 102.0]","[-50.0, -1.0, 51.0]"
current_vs_2x_shove_fold,259,3,"[0, 2, 1]","[""policy_current"", ""shove_fold"", ""shove_fold""]","[-100.0, -2.0, 102.0]","[-50.0, -1.0, 51.0]"
current_vs_2x_shove_fold,260,3,"[1, 0, 2]","[""shove_fold"", ""policy_current"", ""shove_fold""]","[-100.0, -2.0, 102.0]","[-50.0, -1.0, 51.0]"
current_vs_2x_shove_fold,261,3,"[1, 2, 0]","[""shove_fold"", ""shove_fold"", ""policy_current""]","[10.0, -2.0, -8.0]","[5.0, -1.0, -4.0]"
current_vs_2x_shove_fold,262,3,"[2, 0, 1]","[""shove_fold"", ""policy_current"", ""shove_fold""]","[-100.0, -2.0, 102.0]","[-50.0, -1.0, 51.0]"
current_vs_2x_shove_fold,263,3,"[2, 1, 0]","[""shove_fold"", ""shove_fold"", ""policy_current""]","[10.0, -2.0, -8.0]","[5.0, -1.0, -4.0]"
current_vs_2x_shove_fold,264,4,"[0, 1, 2]","[""policy_current"", ""shove_fold"", ""shove_fold""]","[-1.0, 1.0, 0.0]","[-0.5, 0.5, 0.0]"
current_vs_2x_shove_fold,265,4,"[0, 2, 1]","[""policy_current"", ""shove_fold"", ""shove_fold""]","[-1.0, 1.0, 0.0]","[-0.5, 0.5, 0.0]"
current_vs_2x_shove_fold,266,4,"[1, 0, 2]","[""shove_fold"", ""policy_current"", ""shove_fold""]","[-1.0, 1.0, 0.0]","[-0.5, 0.5, 0.0]"
current_vs_2x_shove_fold,267,4,"[1, 2, 0]","[""shove_fold"", ""shove_fold"", ""policy_current""]","[-1.0, 3.0, -2.0]","[-0.5, 1.5, -1.0]"
current_vs_2x_shove_fold,268,4,"[2, 0, 1]","[""shove_fold"", ""policy_current"", ""shove_fold""]","[-1.0, 1.0, 0.0]","[-0.5, 0.5, 0.0]"
current_vs_2x_shove_fold,269,4,"[2, 1, 0]","[""shove_fold"", ""shove_fold"", ""policy_current""]","[-1.0, 3.0, -2.0]","[-0.5, 1.5, -1.0]"
current_vs_2x_shove_fold,270,5,"[0, 1, 2]","[""policy_current"", ""shove_fold"", ""shove_fold""]","[-1.0, 1.0, 0.0]","[-0.5, 0.5, 0.0]"
current_vs_2x_shove_fold,271,5,"[0, 2, 1]","[""policy_current"", ""shove_fold"", ""shove_fold""]","[-1.0, 1.0, 0.0]","[-0.5, 0.5, 0.0]"
current_vs_2x_shove_fold,272,5,"[1, 0, 2]","[""shove_fold"", ""policy_current"", ""shove_fold""]","[-1.0, 1.0, 0.0]","[-0.5, 0.5, 0.0]"
current_vs_2x_shove_fold,273,5,"[1, 2, 0]","[""shove_fold"", ""shove_fold"", ""policy_current""]","[-1.0, 1.0, 0.0]","[-0.5, 0.5, 0.0]"
current_vs_2x_shove_fold,274,5,"[2, 0, 1]","[""shove_fold"", ""policy_current"", ""shove_fold""]","[-1.0, 1.0, 0.0]","[-0.5, 0.5, 0.0]"
current_vs_2x_shove_fold,275,5,"[2, 1, 0]","[""shove_fold"", ""shove_fold"", ""policy_current""]","[-1.0, 1.0, 0.0]","[-0.5, 0.5, 0.0]"
current_vs_2x_shove_fold,276,6,"[0, 1, 2]","[""policy_current"", ""shove_fold"", ""shove_fold""]","[-1.0, 1.0, 0.0]","[-0.5, 0.5, 0.0]"
current_vs_2x_shove_fold,277,6,"[0, 2, 1]","[""policy_current"", ""shove_fold"", ""shove_fold""]","[-1.0, 1.0, 0.0]","[-0.5, 0.5, 0.0]"
current_vs_2x_shove_fold,278,6,"[1, 0, 2]","[""shove_fold"", ""policy_current"", ""shove_fold""]","[-1.0, 1.0, 0.0]","[-0.5, 0.5, 0.0]"
current_vs_2x_shove_fold,279,6,"[1, 2, 0]","[""shove_fold"", ""shove_fold"", ""policy_current""]","[-1.0, 1.0, 0.0]","[-0.5, 0.5, 0.0]"
current_vs_2x_shove_fold,280,6,"[2, 0, 1]","[""shove_fold"", ""policy_current"", ""shove_fold""]","[-1.0, 1.0, 0.0]","[-0.5, 0.5, 0.0]"
current_vs_2x_shove_fold,281,6,"[2, 1, 0]","[""shove_fold"", ""shove_fold"", ""policy_current""]","[-1.0, 1.0, 0.0]","[-0.5, 0.5, 0.0]"
current_vs_2x_shove_fold,282,7,"[0, 1, 2]","[""policy_current"", ""shove_fold"", ""shove_fold""]","[-1.0, 1.0, 0.0]","[-0.5, 0.5, 0.0]"
current_vs_2x_shove_fold,283,7,"[0, 2, 1]","[""policy_current"", ""shove_fold"", ""shove_fold""]","[-1.0, 1.0, 0.0]","[-0.5, 0.5, 0.0]"
current_vs_2x_shove_fold,284,7,"[1, 0, 2]","[""shove_fold"", ""policy_current"", ""shove_fold""]","[2.0, -2.0, 0.0]","[1.0, -1.0, 0.0]"
current_vs_2x_shove_fold,285,7,"[1, 2, 0]","[""shove_fold"", ""shove_fold"", ""policy_current""]","[2.0, -2.0, 0.0]","[1.0, -1.0, 0.0]"
current_vs_2x_shove_fold,286,7,"[2, 0, 1]","[""shove_fold"", ""policy_current"", ""shove_fold""]","[2.0, -2.0, 0.0]","[1.0, -1.0, 0.0]"
current_vs_2x_shove_fold,287,7,"[2, 1, 0]","[""shove_fold"", ""shove_fold"", ""policy_current""]","[2.0, -2.0, 0.0]","[1.0, -1.0, 0.0]"
current_vs_2x_shove_fold,288,8,"[0, 1, 2]","[""policy_current"", ""shove_fold"", ""shove_fold""]","[102.0, -2.0, -100.0]","[51.0, -1.0, -50.0]"
current_vs_2x_shove_fold,289,8,"[0, 2, 1]","[""policy_current"", ""shove_fold"", ""shove_fold""]","[102.0, -2.0, -100.0]","[51.0, -1.0, -50.0]"
current_vs_2x_shove_fold,290,8,"[1, 0, 2]","[""shove_fold"", ""policy_current"", ""shove_fold""]","[-1.0, -100.0, 101.0]","[-0.5, -50.0, 50.5]"
current_vs_2x_shove_fold,291,8,"[1, 2, 0]","[""shove_fold"", ""shove_fold"", ""policy_current""]","[-1.0, -2.0, 3.0]","[-0.5, -1.0, 1.5]"
current_vs_2x_shove_fold,292,8,"[2, 0, 1]","[""shove_fold"", ""policy_current"", ""shove_fold""]","[-1.0, -100.0, 101.0]","[-0.5, -50.0, 50.5]"
current_vs_2x_shove_fold,293,8,"[2, 1, 0]","[""shove_fold"", ""shove_fold"", ""policy_current""]","[-1.0, -2.0, 3.0]","[-0.5, -1.0, 1.5]"
current_vs_2x_shove_fold,294,9,"[0, 1, 2]","[""policy_current"", ""shove_fold"", ""shove_fold""]","[-1.0, 1.0, 0.0]","[-0.5, 0.5, 0.0]"
current_vs_2x_shove_fold,295,9,"[0, 2, 1]","[""policy_current"", ""shove_fold"", ""shove_fold""]","[-1.0, 1.0, 0.0]","[-0.5, 0.5, 0.0]"
current_vs_2x_shove_fold,296,9,"[1, 0, 2]","[""shove_fold"", ""policy_current"", ""shove_fold""]","[-1.0, 1.0, 0.0]","[-0.5, 0.5, 0.0]"
current_vs_2x_shove_fold,297,9,"[1, 2, 0]","[""shove_fold"", ""shove_fold"", ""policy_current""]","[-1.0, 1.0, 0.0]","[-0.5, 0.5, 0.0]"
current_vs_2x_shove_fold,298,9,"[2, 0, 1]","[""shove_fold"", ""policy_current"", ""shove_fold""]","[-1.0, 1.0, 0.0]","[-0.5, 0.5, 0.0]"
current_vs_2x_shove_fold,299,9,"[2, 1, 0]","[""shove_fold"", ""shove_fold"", ""policy_current""]","[-1.0, 1.0, 0.0]","[-0.5, 0.5, 0.0]"
current_vs_old_vs_random,300,0,"[0, 1, 2]","[""policy_current"", ""policy_old"", ""random""]","[-1.0, 1.0, 0.0]","[-0.5, 0.5, 0.0]"
current_vs_old_vs_random,301,0,"[0, 2, 1]","[""policy_current"", ""random"", ""policy_old""]","[-20.0, 20.0, 0.0]","[-10.0, 10.0, 0.0]"
current_vs_old_vs_random,302,0,"[1, 0, 2]","[""policy_old"", ""policy_current"", ""random""]","[-1.0, 1.0, 0.0]","[-0.5, 0.5, 0.0]"
current_vs_old_vs_random,303,0,"[1, 2, 0]","[""policy_old"", ""random"", ""policy_current""]","[-20.0, 20.0, 0.0]","[-10.0, 10.0, 0.0]"
current_vs_old_vs_random,304,0,"[2, 0, 1]","[""random"", ""policy_current"", ""policy_old""]","[-1.0, 1.0, 0.0]","[-0.5, 0.5, 0.0]"
current_vs_old_vs_random,305,0,"[2, 1, 0]","[""random"", ""policy_old"", ""policy_current""]","[-1.0, 1.0, 0.0]","[-0.5, 0.5, 0.0]"
current_vs_old_vs_random,306,1,"[0, 1, 2]","[""policy_current"", ""policy_old"", ""random""]","[-8.0, 8.0, 0.0]","[-4.0, 4.0, 0.0]"
current_vs_old_vs_random,307,1,"[0, 2, 1]","[""policy_current"", ""random"", ""policy_old""]","[-100.0, 100.0, 0.0]","[-50.0, 50.0, 0.0]"
current_vs_old_vs_random,308,1,"[1, 0, 2]","[""policy_old"", ""policy_current"", ""random""]","[2.0, -2.0, 0.0]","[1.0, -1.0, 0.0]"
current_vs_old_vs_random,309,1,"[1, 2, 0]","[""policy_old"", ""random"", ""policy_current""]","[-8.0, 10.0, -2.0]","[-4.0, 5.0, -1.0]"
current_vs_old_vs_random,310,1,"[2, 0, 1]","[""random"", ""policy_current"", ""policy_old""]","[2.0, -2.0, 0.0]","[1.0, -1.0, 0.0]"
current_vs_old_vs_random,311,1,"[2, 1, 0]","[""random"", ""policy_old"", ""policy_current""]","[-100.0, -2.0, 102.0]","[-50.0, -1.0, 51.0]"
current_vs_old_vs_random,312,2,"[0, 1, 2]","[""policy_current"", ""policy_old"", ""random""]","[-2.0, 2.0, 0.0]","[-1.0, 1.0, 0.0]"
current_vs_old_vs_random,313,2,"[0, 2, 1]","[""policy_current"", ""random"", ""policy_old""]","[-1.0, 1.0, 0.0]","[-0.5, 0.5, 0.0]"
current_vs_old_vs_random,314,2,"[1, 0, 2]","[""policy_old"", ""policy_current"", ""random""]","[-2.0, 2.0, 0.0]","[-1.0, 1.0, 0.0]"
current_vs_old_vs_random,315,2,"[1, 2, 0]","[""policy_old"", ""random"", ""policy_current""]","[-1.0, 1.0, 0.0]","[-0.5, 0.5, 0.0]"
current_vs_old_vs_random,316,2,"[2, 0, 1]","[""random"", ""policy_current"", ""policy_old""]","[100.0, -100.0, 0.0]","[50.0, -50.0, 0.0]"
current_vs_old_vs_random,317,2,"[2, 1, 0]","[""random"", ""policy_old"", ""policy_current""]","[100.0, -100.0, 0.0]","[50.0, -50.0, 0.0]"
current_vs_old_vs_random,318,3,"[0, 1, 2]","[""policy_current"", ""policy_old"", ""random""]","[-1.0, -2.0, 3.0]","[-0.5, -1.0, 1.5]"
current_vs_old_vs_random,319,3,"[0, 2, 1]","[""policy_current"", ""random"", ""policy_old""]","[-1.0, 3.0, -2.0]","[-0.5, 1.5, -1.0]"
current_vs_old_vs_random,320,3,"[1, 0, 2]","[""policy_old"", ""policy_current"", ""random""]","[-1.0, -2.0, 3.0]","[-0.5, -1.0, 1.5]"
current_vs_old_vs_random,321,3,"[1, 2, 0]","[""policy_old"", ""random"", ""policy_current""]","[-1.0, 3.0, -2.0]","[-0.5, 1.5, -1.0]"
current_vs_old_vs_random,322,3,"[2, 0, 1]","[""random"", ""policy_current"", ""policy_old""]","[-100.0, 102.0, -2.0]","[-50.0, 51.0, -1.0]"
current_vs_old_vs_random,323,3,"[2, 1, 0]","[""random"", ""policy_old"", ""policy_current""]","[-100.0, 102.0, -2.0]","[-50.0, 51.0, -1.0]"
current_vs_old_vs_random,324,4,"[0, 1, 2]","[""policy_current"", ""policy_old"", ""random""]","[-1.0, 1.0, 0.0]","[-0.5, 0.5, 0.0]"
current_vs_old_vs_random,325,4,"[0, 2, 1]","[""policy_current"", ""random"", ""policy_old""]","[-100.0, 100.0, 0.0]","[-50.0, 50.0, 0.0]"
current_vs_old_vs_random,326,4,"[1, 0, 2]","[""policy_old"", ""policy_current"", ""random""]","[-1.0, 1.0, 0.0]","[-0.5, 0.5, 0.0]"
current_vs_old_vs_random,327,4,"[1, 2, 0]","[""policy_old"", ""random"", ""policy_current""]","[-100.0, 100.0, 0.0]","[-50.0, 50.0, 0.0]"
current_vs_old_vs_random,328,4,"[2, 0, 1]","[""random"", ""policy_current"", ""policy_old""]","[2.0, -2.0, 0.0]","[1.0, -1.0, 0.0]"
current_vs_old_vs_random,329,4,"[2, 1, 0]","[""random"", ""policy_old"", ""policy_current""]","[2.0, -2.0, 0.0]","[1.0, -1.0, 0.0]"
current_vs_old_vs_random,330,5,"[0, 1, 2]","[""policy_current"", ""policy_old"", ""random""]","[-1.0, 3.0, -2.0]","[-0.5, 1.5, -1.0]"
current_vs_old_vs_random,331,5,"[0, 2, 1]","[""policy_current"", ""random"", ""policy_old""]","[-2.0, 2.0, 0.0]","[-1.0, 1.0, 0.0]"
current_vs_old_vs_random,332,5,"[1, 0, 2]","[""policy_old"", ""policy_current"", ""random""]","[-1.0, 3.0, -2.0]","[-0.5, 1.5, -1.0]"
current_vs_old_vs_random,333,5,"[1, 2, 0]","[""policy_old"", ""random"", ""policy_current""]","[-2.0, 2.0, 0.0]","[-1.0, 1.0, 0.0]"
current_vs_old_vs_random,334,5,"[2, 0, 1]","[""random"", ""policy_current"", ""policy_old""]","[2.0, -2.0, 0.0]","[1.0, -1.0, 0.0]"
current_vs_old_vs_random,335,5,"[2, 1, 0]","[""random"", ""policy_old"", ""policy_current""]","[2.0, -2.0, 0.0]","[1.0, -1.0, 0.0]"
current_vs_old_vs_random,336,6,"[0, 1, 2]","[""policy_current"", ""policy_old"", ""random""]","[-2.0, 2.0, 0.0]","[-1.0, 1.0, 0.0]"
current_vs_old_vs_random,337,6,"[0, 2, 1]","[""policy_current"", ""random"", ""policy_old""]","[-1.0, -2.0, 3.0]","[-0.5, -1.0, 1.5]"
current_vs_old_vs_random,338,6,"[1, 0, 2]","[""policy_old"", ""policy_current"", ""random""]","[-2.0, 2.0, 0.0]","[-1.0, 1.0, 0.0]"
current_vs_old_vs_random,339,6,"[1, 2, 0]","[""policy_old"", ""random"", ""policy_current""]","[-1.0, -2.0, 3.0]","[-0.5, -1.0, 1.5]"
current_vs_old_vs_random,340,6,"[2, 0, 1]","[""random"", ""policy_current"", ""policy_old""]","[-1.0, -2.0, 3.0]","[-0.5, -1.0, 1.5]"
current_vs_old_vs_random,341,6,"[2, 1, 0]","[""random"", ""policy_old"", ""policy_current""]","[-1.0, -2.0, 3.0]","[-0.5, -1.0, 1.5]"
current_vs_old_vs_random,342,7,"[0, 1, 2]","[""policy_current"", ""policy_old"", ""random""]","[-8.0, 8.0, 0.0]","[-4.0, 4.0, 0.0]"
current_vs_old_vs_random,343,7,"[0, 2, 1]","[""policy_current"", ""random"", ""policy_old""]","[102.0, -2.0, -100.0]","[51.0, -1.0, -50.0]"
current_vs_old_vs_random,344,7,"[1, 0, 2]","[""policy_old"", ""policy_current"", ""random""]","[100.0, -100.0, 0.0]","[50.0, -50.0, 0.0]"
current_vs_old_vs_random,345,7,"[1, 2, 0]","[""policy_old"", ""random"", ""policy_current""]","[102.0, -2.0, -100.0]","[51.0, -1.0, -50.0]"
current_vs_old_vs_random,346,7,"[2, 0, 1]","[""random"", ""policy_current"", ""policy_old""]","[-1.0, 101.0, -100.0]","[-0.5, 50.5, -50.0]"
current_vs_old_vs_random,347,7,"[2, 1, 0]","[""random"", ""policy_old"", ""policy_current""]","[-1.0, 101.0, -100.0]","[-0.5, 50.5, -50.0]"
current_vs_old_vs_random,348,8,"[0, 1, 2]","[""policy_current"", ""policy_old"", ""random""]","[-1.0, -2.0, 3.0]","[-0.5, -1.0, 1.5]"
current_vs_old_vs_random,349,8,"[0, 2, 1]","[""policy_current"", ""random"", ""policy_old""]","[-1.0, 1.0, 0.0]","[-0.5, 0.5, 0.0]"
current_vs_old_vs_random,350,8,"[1, 0, 2]","[""policy_old"", ""policy_current"", ""random""]","[-1.0, -2.0, 3.0]","[-0.5, -1.0, 1.5]"
current_vs_old_vs_random,351,8,"[1, 2, 0]","[""policy_old"", ""random"", ""policy_current""]","[-1.0, 1.0, 0.0]","[-0.5, 0.5, 0.0]"
current_vs_old_vs_random,352,8,"[2, 0, 1]","[""random"", ""policy_current"", ""policy_old""]","[2.0, -2.0, 0.0]","[1.0, -1.0, 0.0]"
current_vs_old_vs_random,353,8,"[2, 1, 0]","[""random"", ""policy_old"", ""policy_current""]","[2.0, -2.0, 0.0]","[1.0, -1.0, 0.0]"
current_vs_old_vs_random,354,9,"[0, 1, 2]","[""policy_current"", ""policy_old"", ""random""]","[102.0, -2.0, -100.0]","[51.0, -1.0, -50.0]"
current_vs_old_vs_random,355,9,"[0, 2, 1]","[""policy_current"", ""random"", ""policy_old""]","[8.0, -8.0, 0.0]","[4.0, -4.0, 0.0]"
current_vs_old_vs_random,356,9,"[1, 0, 2]","[""policy_old"", ""policy_current"", ""random""]","[102.0, -2.0, -100.0]","[51.0, -1.0, -50.0]"
current_vs_old_vs_random,357,9,"[1, 2, 0]","[""policy_old"", ""random"", ""policy_current""]","[-1.0, 1.0, 0.0]","[-0.5, 0.5, 0.0]"
current_vs_old_vs_random,358,9,"[2, 0, 1]","[""random"", ""policy_current"", ""policy_old""]","[-1.0, 1.0, 0.0]","[-0.5, 0.5, 0.0]"
current_vs_old_vs_random,359,9,"[2, 1, 0]","[""random"", ""policy_old"", ""policy_current""]","[-1.0, 1.0, 0.0]","[-0.5, 0.5, 0.0]"
current_vs_old_vs_station,360,0,"[0, 1, 2]","[""policy_current"", ""policy_old"", ""calling_station""]","[-100.0, -100.0, 200.0]","[-50.0, -50.0, 100.0]"
current_vs_old_vs_station,361,0,"[0, 2, 1]","[""policy_current"", ""calling_station"", ""policy_old""]","[-100.0, 108.0, -8.0]","[-50.0, 54.0, -4.0]"
current_vs_old_vs_station,362,0,"[1, 0, 2]","[""policy_old"", ""policy_current"", ""calling_station""]","[-100.0, -100.0, 200.0]","[-50.0, -50.0, 100.0]"
current_vs_old_vs_station,363,0,"[1, 2, 0]","[""policy_old"", ""calling_station"", ""policy_current""]","[-100.0, 108.0, -8.0]","[-50.0, 54.0, -4.0]"
current_vs_old_vs_station,364,0,"[2, 0, 1]","[""calling_station"", ""policy_current"", ""policy_old""]","[-20.0, -2.0, 22.0]","[-10.0, -1.0, 11.0]"
current_vs_old_vs_station,365,0,"[2, 1, 0]","[""calling_station"", ""policy_old"", ""policy_current""]","[-20.0, -2.0, 22.0]","[-10.0, -1.0, 11.0]"
current_vs_old_vs_station,366,1,"[0, 1, 2]","[""policy_current"", ""policy_old"", ""calling_station""]","[-1.0, 0.5, 0.5]","[-0.5, 0.25, 0.25]"
current_vs_old_vs_station,367,1,"[0, 2, 1]","[""policy_current"", ""calling_station"", ""policy_old""]","[-1.0, 1.0, 0.0]","[-0.5, 0.5, 0.0]"
current_vs_old_vs_station,368,1,"[1, 0, 2]","[""policy_old"", ""policy_current"", ""calling_station""]","[-1.0, 0.5, 0.5]","[-0.5, 0.25, 0.25]"
current_vs_old_vs_station,369,1,"[1, 2, 0]","[""policy_old"", ""calling_station"", ""policy_current""]","[100.0, -100.0, 0.0]","[50.0, -50.0, 0.0]"
current_vs_old_vs_station,370,1,"[2, 0, 1]","[""calling_station"", ""policy_current"", ""policy_old""]","[2.0, -2.0, 0.0]","[1.0, -1.0, 0.0]"
current_vs_old_vs_station,371,1,"[2, 1, 0]","[""calling_station"", ""policy_old"", ""policy_current""]","[2.0, -2.0, 0.0]","[1.0, -1.0, 0.0]"
current_vs_old_vs_station,372,2,"[0, 1, 2]","[""policy_current"", ""policy_old"", ""calling_station""]","[1.0, -2.0, 1.0]","[0.5, -1.0, 0.5]"
current_vs_old_vs_station,373,2,"[0, 2, 1]","[""policy_current"", ""calling_station"", ""policy_old""]","[0.0, 0.0, 0.0]","[0.0, 0.0, 0.0]"
current_vs_old_vs_station,374,2,"[1, 0, 2]","[""policy_old"", ""policy_current"", ""calling_station""]","[1.0, -2.0, 1.0]","[0.5, -1.0, 0.5]"
current_vs_old_vs_station,375,2,"[1, 2, 0]","[""policy_old"", ""calling_station"", ""policy_current""]","[0.0, 0.0, 0.0]","[0.0, 0.0, 0.0]"
current_vs_old_vs_station,376,2,"[2, 0, 1]","[""calling_station"", ""policy_current"", ""policy_old""]","[0.0, 0.0, 0.0]","[0.0, 0.0, 0.0]"
current_vs_old_vs_station,377,2,"[2, 1, 0]","[""calling_station"", ""policy_old"", ""policy_current""]","[0.0, 0.0, 0.0]","[0.0, 0.0, 0.0]"
current_vs_old_vs_station,378,3,"[0, 1, 2]","[""policy_current"", ""policy_old"", ""calling_station""]","[-2.0, -100.0, 102.0]","[-1.0, -50.0, 51.0]"
current_vs_old_vs_station,379,3,"[0, 2, 1]","[""policy_current"", ""calling_station"", ""policy_old""]","[-8.0, 8.0, 0.0]","[-4.0, 4.0, 0.0]"
current_vs_old_vs_station,380,3,"[1, 0, 2]","[""policy_old"", ""policy_current"", ""calling_station""]","[-2.0, -100.0, 102.0]","[-1.0, -50.0, 51.0]"
current_vs_old_vs_station,381,3,"[1, 2, 0]","[""policy_old"", ""calling_station"", ""policy_current""]","[-8.0, 8.0, 0.0]","[-4.0, 4.0, 0.0]"
current_vs_old_vs_station,382,3,"[2, 0, 1]","[""calling_station"", ""policy_current"", ""policy_old""]","[-14.0, 14.0, 0.0]","[-7.0, 7.0, 0.0]"
current_vs_old_vs_station,383,3,"[2, 1, 0]","[""calling_station"", ""policy_old"", ""policy_current""]","[-14.0, 14.0, 0.0]","[-7.0, 7.0, 0.0]"
current_vs_old_vs_station,384,4,"[0, 1, 2]","[""policy_current"", ""policy_old"", ""calling_station""]","[-1.0, 9.0, -8.0]","[-0.5, 4.5, -4.0]"
current_vs_old_vs_station,385,4,"[0, 2, 1]","[""policy_current"", ""calling_station"", ""policy_old""]","[-1.0, 1.0, 0.0]","[-0.5, 0.5, 0.0]"
current_vs_old_vs_station,386,4,"[1, 0, 2]","[""policy_old"", ""policy_current"", ""calling_station""]","[-1.0, 9.0, -8.0]","[-0.5, 4.5, -4.0]"
current_vs_old_vs_station,387,4,"[1, 2, 0]","[""policy_old"", ""calling_station"", ""policy_current""]","[-8.0, 8.0, 0.0]","[-4.0, 4.0, 0.0]"
current_vs_old_vs_station,388,4,"[2, 0, 1]","[""calling_station"", ""policy_current"", ""policy_old""]","[-100.0, 100.0, 0.0]","[-50.0, 50.0, 0.0]"
current_vs_old_vs_station,389,4,"[2, 1, 0]","[""calling_station"", ""policy_old"", ""policy_current""]","[-100.0, 100.0, 0.0]","[-50.0, 50.0, 0.0]"
current_vs_old_vs_station,390,5,"[0, 1, 2]","[""policy_current"", ""policy_old"", ""calling_station""]","[-1.0, -8.0, 9.0]","[-0.5, -4.0, 4.5]"
current_vs_old_vs_station,391,5,"[0, 2, 1]","[""policy_current"", ""calling_station"", ""policy_old""]","[-1.0, 1.0, 0.0]","[-0.5, 0.5, 0.0]"
current_vs_old_vs_station,392,5,"[1, 0, 2]","[""policy_old"", ""policy_current"", ""calling_station""]","[-1.0, -8.0, 9.0]","[-0.5, -4.0, 4.5]"
current_vs_old_vs_station,393,5,"[1, 2, 0]","[""policy_old"", ""calling_station"", ""policy_current""]","[-1.0, 1.0, 0.0]","[-0.5, 0.5, 0.0]"
current_vs_old_vs_station,394,5,"[2, 0, 1]","[""calling_station"", ""policy_current"", ""policy_old""]","[-100.0, 100.0, 0.0]","[-50.0, 50.0, 0.0]"
current_vs_old_vs_station,395,5,"[2, 1, 0]","[""calling_station"", ""policy_old"", ""policy_current""]","[-100.0, 100.0, 0.0]","[-50.0, 50.0, 0.0]"
current_vs_old_vs_station,396,6,"[0, 1, 2]","[""policy_current"", ""policy_old"", ""calling_station""]","[-1.0, 101.0, -100.0]","[-0.5, 50.5, -50.0]"
current_vs_old_vs_station,397,6,"[0, 2, 1]","[""policy_current"", ""calling_station"", ""policy_old""]","[-1.0, 101.0, -100.0]","[-0.5, 50.5, -50.0]"
current_vs_old_vs_station,398,6,"[1, 0, 2]","[""policy_old"", ""policy_current"", ""calling_station""]","[-1.0, 101.0, -100.0]","[-0.5, 50.5, -50.0]"
current_vs_old_vs_station,399,6,"[1, 2, 0]","[""policy_old"", ""calling_station"", ""policy_current""]","[-1.0, 101.0, -100.0]","[-0.5, 50.5, -50.0]"
current_vs_old_vs_station,400,6,"[2, 0, 1]","[""calling_station"", ""policy_current"", ""policy_old""]","[102.0, -2.0, -100.0]","[51.0, -1.0, -50.0]"
current_vs_old_vs_station,401,6,"[2, 1, 0]","[""calling_station"", ""policy_old"", ""policy_current""]","[102.0, -2.0, -100.0]","[51.0, -1.0, -50.0]"
current_vs_old_vs_station,402,7,"[0, 1, 2]","[""policy_current"", ""policy_old"", ""calling_station""]","[-1.0, 15.0, -14.0]","[-0.5, 7.5, -7.0]"
current_vs_old_vs_station,403,7,"[0, 2, 1]","[""policy_current"", ""calling_station"", ""policy_old""]","[-1.0, 1.0, 0.0]","[-0.5, 0.5, 0.0]"
current_vs_old_vs_station,404,7,"[1, 0, 2]","[""policy_old"", ""policy_current"", ""calling_station""]","[-1.0, 15.0, -14.0]","[-0.5, 7.5, -7.0]"
current_vs_old_vs_station,405,7,"[1, 2, 0]","[""policy_old"", ""calling_station"", ""policy_current""]","[-1.0, 1.0, 0.0]","[-0.5, 0.5, 0.0]"
current_vs_old_vs_station,406,7,"[2, 0, 1]","[""calling_station"", ""policy_current"", ""policy_old""]","[100.0, -100.0, 0.0]","[50.0, -50.0, 0.0]"
current_vs_old_vs_station,407,7,"[2, 1, 0]","[""calling_station"", ""policy_old"", ""policy_current""]","[100.0, -100.0, 0.0]","[50.0, -50.0, 0.0]"
current_vs_old_vs_station,408,8,"[0, 1, 2]","[""policy_current"", ""policy_old"", ""calling_station""]","[-1.0, 9.0, -8.0]","[-0.5, 4.5, -4.0]"
current_vs_old_vs_station,409,8,"[0, 2, 1]","[""policy_current"", ""calling_station"", ""policy_old""]","[-1.0, 9.0, -8.0]","[-0.5, 4.5, -4.0]"
current_vs_old_vs_station,410,8,"[1, 0, 2]","[""policy_old"", ""policy_current"", ""calling_station""]","[-1.0, 9.0, -8.0]","[-0.5, 4.5, -4.0]"
current_vs_old_vs_station,411,8,"[1, 2, 0]","[""policy_old"", ""calling_station"", ""policy_current""]","[-1.0, 3.0, -2.0]","[-0.5, 1.5, -1.0]"
current_vs_old_vs_station,412,8,"[2, 0, 1]","[""calling_station"", ""policy_current"", ""policy_old""]","[40.0, -26.0, -14.0]","[20.0, -13.0, -7.0]"
current_vs_old_vs_station,413,8,"[2, 1, 0]","[""calling_station"", ""policy_old"", ""policy_current""]","[22.0, -8.0, -14.0]","[11.0, -4.0, -7.0]"
current_vs_old_vs_station,414,9,"[0, 1, 2]","[""policy_current"", ""policy_old"", ""calling_station""]","[-14.0, -14.0, 28.0]","[-7.0, -7.0, 14.0]"
current_vs_old_vs_station,415,9,"[0, 2, 1]","[""policy_current"", ""calling_station"", ""policy_old""]","[-100.0, 100.0, 0.0]","[-50.0, 50.0, 0.0]"
current_vs_old_vs_station,416,9,"[1, 0, 2]","[""policy_old"", ""policy_current"", ""calling_station""]","[-14.0, -14.0, 28.0]","[-7.0, -7.0, 14.0]"
current_vs_old_vs_station,417,9,"[1, 2, 0]","[""policy_old"", ""calling_station"", ""policy_current""]","[-100.0, 100.0, 0.0]","[-50.0, 50.0, 0.0]"
current_vs_old_vs_station,418,9,"[2, 0, 1]","[""calling_station"", ""policy_current"", ""policy_old""]","[-100.0, 100.0, 0.0]","[-50.0, 50.0, 0.0]"
current_vs_old_vs_station,419,9,"[2, 1, 0]","[""calling_station"", ""policy_old"", ""policy_current""]","[-100.0, 100.0, 0.0]","[-50.0, 50.0, 0.0]"
current_vs_2x_old,420,0,"[0, 1, 2]","[""policy_current"", ""policy_old"", ""policy_old""]","[-1.0, -2.0, 3.0]","[-0.5, -1.0, 1.5]"
current_vs_2x_old,421,0,"[0, 2, 1]","[""policy_current"", ""policy_old"", ""policy_old""]","[-1.0, -2.0, 3.0]","[-0.5, -1.0, 1.5]"
current_vs_2x_old,422,0,"[1, 0, 2]","[""policy_old"", ""policy_current"", ""policy_old""]","[-1.0, -2.0, 3.0]","[-0.5, -1.0, 1.5]"
current_vs_2x_old,423,0,"[1, 2, 0]","[""policy_old"", ""policy_old"", ""policy_current""]","[-1.0, -2.0, 3.0]","[-0.5, -1.0, 1.5]"
current_vs_2x_old,424,0,"[2, 0, 1]","[""policy_old"", ""policy_current"", ""policy_old""]","[-1.0, -2.0, 3.0]","[-0.5, -1.0, 1.5]"
current_vs_2x_old,425,0,"[2, 1, 0]","[""policy_old"", ""policy_old"", ""policy_current""]","[-1.0, -2.0, 3.0]","[-0.5, -1.0, 1.5]"
current_vs_2x_old,426,1,"[0, 1, 2]","[""policy_current"", ""policy_old"", ""policy_old""]","[-100.0, 108.0, -8.0]","[-50.0, 54.0, -4.0]"
current_vs_2x_old,427,1,"[0, 2, 1]","[""policy_current"", ""policy_old"", ""policy_old""]","[-100.0, 108.0, -8.0]","[-50.0, 54.0, -4.0]"
current_vs_2x_old,428,1,"[1, 0, 2]","[""policy_old"", ""policy_current"", ""policy_old""]","[-100.0, 108.0, -8.0]","[-50.0, 54.0, -4.0]"
current_vs_2x_old,429,1,"[1, 2, 0]","[""policy_old"", ""policy_old"", ""policy_current""]","[-100.0, 102.0, -2.0]","[-50.0, 51.0, -1.0]"
current_vs_2x_old,430,1,"[2, 0, 1]","[""policy_old"", ""policy_current"", ""policy_old""]","[-100.0, 108.0, -8.0]","[-50.0, 54.0, -4.0]"
current_vs_2x_old,431,1,"[2, 1, 0]","[""policy_old"", ""policy_old"", ""policy_current""]","[-100.0, 102.0, -2.0]","[-50.0, 51.0, -1.0]"
current_vs_2x_old,432,2,"[0, 1, 2]","[""policy_current"", ""policy_old"", ""policy_old""]","[-1.0, 1.0, 0.0]","[-0.5, 0.5, 0.0]"
current_vs_2x_old,433,2,"[0, 2, 1]","[""policy_current"", ""policy_old"", ""policy_old""]","[-1.0, 1.0, 0.0]","[-0.5, 0.5, 0.0]"
current_vs_2x_old,434,2,"[1, 0, 2]","[""policy_old"", ""policy_current"", ""policy_old""]","[-1.0, 1.0, 0.0]","[-0.5, 0.5, 0.0]"
current_vs_2x_old,435,2,"[1, 2, 0]","[""policy_old"", ""policy_old"", ""policy_current""]","[-1.0, 1.0, 0.0]","[-0.5, 0.5, 0.0]"
current_vs_2x_old,436,2,"[2, 0, 1]","[""policy_old"", ""policy_current"", ""policy_old""]","[-1.0, 1.0, 0.0]","[-0.5, 0.5, 0.0]"
current_vs_2x_old,437,2,"[2, 1, 0]","[""policy_old"", ""policy_old"", ""policy_current""]","[-1.0, 1.0, 0.0]","[-0.5, 0.5, 0.0]"
current_vs_2x_old,438,3,"[0, 1, 2]","[""policy_current"", ""policy_old"", ""policy_old""]","[-14.0, -20.0, 34.0]","[-7.0, -10.0, 17.0]"
current_vs_2x_old,439,3,"[0, 2, 1]","[""policy_current"", ""policy_old"", ""policy_old""]","[-14.0, -20.0, 34.0]","[-7.0, -10.0, 17.0]"
current_vs_2x_old,440,3,"[1, 0, 2]","[""policy_old"", ""policy_current"", ""policy_old""]","[-14.0, -20.0, 34.0]","[-7.0, -10.0, 17.0]"
current_vs_2x_old,441,3,"[1, 2, 0]","[""policy_old"", ""policy_old"", ""policy_current""]","[-14.0, -20.0, 34.0]","[-7.0, -10.0, 17.0]"
current_vs_2x_old,442,3,"[2, 0, 1]","[""policy_old"", ""policy_current"", ""policy_old""]","[-14.0, -20.0, 34.0]","[-7.0, -10.0, 17.0]"
current_vs_2x_old,443,3,"[2, 1, 0]","[""policy_old"", ""policy_old"", ""policy_current""]","[-14.0, -20.0, 34.0]","[-7.0, -10.0, 17.0]"
current_vs_2x_old,444,4,"[0, 1, 2]","[""policy_current"", ""policy_old"", ""policy_old""]","[-1.0, 1.0, 0.0]","[-0.5, 0.5, 0.0]"
current_vs_2x_old,445,4,"[0, 2, 1]","[""policy_current"", ""policy_old"", ""policy_old""]","[-1.0, 1.0, 0.0]","[-0.5, 0.5, 0.0]"
current_vs_2x_old,446,4,"[1, 0, 2]","[""policy_old"", ""policy_current"", ""policy_old""]","[-1.0, 1.0, 0.0]","[-0.5, 0.5, 0.0]"
current_vs_2x_old,447,4,"[1, 2, 0]","[""policy_old"", ""policy_old"", ""policy_current""]","[-1.0, 1.0, 0.0]","[-0.5, 0.5, 0.0]"
current_vs_2x_old,448,4,"[2, 0, 1]","[""policy_old"", ""policy_current"", ""policy_old""]","[-1.0, 1.0, 0.0]","[-0.5, 0.5, 0.0]"
current_vs_2x_old,449,4,"[2, 1, 0]","[""policy_old"", ""policy_old"", ""policy_current""]","[-1.0, 1.0, 0.0]","[-0.5, 0.5, 0.0]"
current_vs_2x_old,450,5,"[0, 1, 2]","[""policy_current"", ""policy_old"", ""policy_old""]","[-8.0, 8.0, 0.0]","[-4.0, 4.0, 0.0]"
current_vs_2x_old,451,5,"[0, 2, 1]","[""policy_current"", ""policy_old"", ""policy_old""]","[-8.0, 8.0, 0.0]","[-4.0, 4.0, 0.0]"
current_vs_2x_old,452,5,"[1, 0, 2]","[""policy_old"", ""policy_current"", ""policy_old""]","[-8.0, 8.0, 0.0]","[-4.0, 4.0, 0.0]"
current_vs_2x_old,453,5,"[1, 2, 0]","[""policy_old"", ""policy_old"", ""policy_current""]","[-8.0, 8.0, 0.0]","[-4.0, 4.0, 0.0]"
current_vs_2x_old,454,5,"[2, 0, 1]","[""policy_old"", ""policy_current"", ""policy_old""]","[-8.0, 8.0, 0.0]","[-4.0, 4.0, 0.0]"
current_vs_2x_old,455,5,"[2, 1, 0]","[""policy_old"", ""policy_old"", ""policy_current""]","[-8.0, 8.0, 0.0]","[-4.0, 4.0, 0.0]"
current_vs_2x_old,456,6,"[0, 1, 2]","[""policy_current"", ""policy_old"", ""policy_old""]","[-14.0, 14.0, 0.0]","[-7.0, 7.0, 0.0]"
current_vs_2x_old,457,6,"[0, 2, 1]","[""policy_current"", ""policy_old"", ""policy_old""]","[-14.0, 14.0, 0.0]","[-7.0, 7.0, 0.0]"
current_vs_2x_old,458,6,"[1, 0, 2]","[""policy_old"", ""policy_current"", ""policy_old""]","[-14.0, 14.0, 0.0]","[-7.0, 7.0, 0.0]"
current_vs_2x_old,459,6,"[1, 2, 0]","[""policy_old"", ""policy_old"", ""policy_current""]","[-14.0, 14.0, 0.0]","[-7.0, 7.0, 0.0]"
current_vs_2x_old,460,6,"[2, 0, 1]","[""policy_old"", ""policy_current"", ""policy_old""]","[-14.0, 14.0, 0.0]","[-7.0, 7.0, 0.0]"
current_vs_2x_old,461,6,"[2, 1, 0]","[""policy_old"", ""policy_old"", ""policy_current""]","[-14.0, 14.0, 0.0]","[-7.0, 7.0, 0.0]"
current_vs_2x_old,462,7,"[0, 1, 2]","[""policy_current"", ""policy_old"", ""policy_old""]","[-1.0, -2.0, 3.0]","[-0.5, -1.0, 1.5]"
current_vs_2x_old,463,7,"[0, 2, 1]","[""policy_current"", ""policy_old"", ""policy_old""]","[-1.0, -2.0, 3.0]","[-0.5, -1.0, 1.5]"
current_vs_2x_old,464,7,"[1, 0, 2]","[""policy_old"", ""policy_current"", ""policy_old""]","[-1.0, -2.0, 3.0]","[-0.5, -1.0, 1.5]"
current_vs_2x_old,465,7,"[1, 2, 0]","[""policy_old"", ""policy_old"", ""policy_current""]","[-1.0, -2.0, 3.0]","[-0.5, -1.0, 1.5]"
current_vs_2x_old,466,7,"[2, 0, 1]","[""policy_old"", ""policy_current"", ""policy_old""]","[-1.0, -2.0, 3.0]","[-0.5, -1.0, 1.5]"
current_vs_2x_old,467,7,"[2, 1, 0]","[""policy_old"", ""policy_old"", ""policy_current""]","[-1.0, -2.0, 3.0]","[-0.5, -1.0, 1.5]"
current_vs_2x_old,468,8,"[0, 1, 2]","[""policy_current"", ""policy_old"", ""policy_old""]","[-1.0, -2.0, 3.0]","[-0.5, -1.0, 1.5]"
current_vs_2x_old,469,8,"[0, 2, 1]","[""policy_current"", ""policy_old"", ""policy_old""]","[-1.0, -2.0, 3.0]","[-0.5, -1.0, 1.5]"
current_vs_2x_old,470,8,"[1, 0, 2]","[""policy_old"", ""policy_current"", ""policy_old""]","[-1.0, -2.0, 3.0]","[-0.5, -1.0, 1.5]"
current_vs_2x_old,471,8,"[1, 2, 0]","[""policy_old"", ""policy_old"", ""policy_current""]","[-1.0, -2.0, 3.0]","[-0.5, -1.0, 1.5]"
current_vs_2x_old,472,8,"[2, 0, 1]","[""policy_old"", ""policy_current"", ""policy_old""]","[-1.0, -2.0, 3.0]","[-0.5, -1.0, 1.5]"
current_vs_2x_old,473,8,"[2, 1, 0]","[""policy_old"", ""policy_old"", ""policy_current""]","[-1.0, -2.0, 3.0]","[-0.5, -1.0, 1.5]"
current_vs_2x_old,474,9,"[0, 1, 2]","[""policy_current"", ""policy_old"", ""policy_old""]","[-1.0, -14.0, 15.0]","[-0.5, -7.0, 7.5]"
current_vs_2x_old,475,9,"[0, 2, 1]","[""policy_current"", ""policy_old"", ""policy_old""]","[-1.0, -14.0, 15.0]","[-0.5, -7.0, 7.5]"
current_vs_2x_old,476,9,"[1, 0, 2]","[""policy_old"", ""policy_current"", ""policy_old""]","[-8.0, 108.0, -100.0]","[-4.0, 54.0, -50.0]"
current_vs_2x_old,477,9,"[1, 2, 0]","[""policy_old"", ""policy_old"", ""policy_current""]","[-1.0, 101.0, -100.0]","[-0.5, 50.5, -50.0]"
current_vs_2x_old,478,9,"[2, 0, 1]","[""policy_old"", ""policy_current"", ""policy_old""]","[-8.0, 108.0, -100.0]","[-4.0, 54.0, -50.0]"
current_vs_2x_old,479,9,"[2, 1, 0]","[""policy_old"", ""policy_old"", ""policy_current""]","[-1.0, 101.0, -100.0]","[-0.5, 50.5, -50.0]"
